院校名,类别,分数
上海商学院,物理类|本科批|普通类,最低分/最低位次：543/79447
天津商业大学,物理类|本科批|普通类,最低分/最低位次：527/101702
海南热带海洋学院,物理类|本科批|普通类,最低分/最低位次：503/138533
琼台师范学院,物理类|本科批|普通类,最低分/最低位次：503/138545
南昌大学,物理类|本科批|普通类,最低分/最低位次：559/59564
浙江理工大学,物理类|本科批|普通类,最低分/最低位次：559/59476
江西师范大学,物理类|本科批|普通类,最低分/最低位次：559/59289
天津师范大学,物理类|本科批|普通类,最低分/最低位次：559/59863
河北师范大学,物理类|本科批|普通类,最低分/最低位次：559/59868
南通大学,物理类|本科批|普通类,最低分/最低位次：559/59590
湖北中医药大学,物理类|本科批|普通类,最低分/最低位次：559/60078
浙江传媒学院,物理类|本科批|普通类,最低分/最低位次：559/60127
广州大学,物理类|本科批|普通类,最低分/最低位次：558/61445
广东工业大学,物理类|本科批|普通类,最低分/最低位次：558/61021
南京林业大学,物理类|本科批|普通类,最低分/最低位次：558/61479
内蒙古大学,物理类|本科批|普通类,最低分/最低位次：558/61236
内蒙古大学,物理类|本科批|普通类,最低分/最低位次：558/60735
安徽医科大学,物理类|本科批|普通类,最低分/最低位次：558/60407
武汉工程大学,物理类|本科批|普通类,最低分/最低位次：558/61476
浙江中医药大学,物理类|本科批|普通类,最低分/最低位次：558/60419
集美大学,物理类|本科批|普通类,最低分/最低位次：558/60659
海南师范大学,物理类|本科批|普通类,最低分/最低位次：558/60537
海南师范大学,物理类|本科批|普通类,最低分/最低位次：558/60436
东莞理工学院,物理类|本科批|普通类,最低分/最低位次：558/60746
西安石油大学,物理类|本科批|普通类,最低分/最低位次：558/60550
西安外国语大学,物理类|本科批|普通类,最低分/最低位次：558/60672
贵州医科大学,物理类|本科批|普通类,最低分/最低位次：558/61414
杭州医学院,物理类|本科批|普通类,最低分/最低位次：558/60944
深圳技术大学,物理类|本科批|普通类,最低分/最低位次：558/61160
福建师范大学,物理类|本科批|普通类,最低分/最低位次：557/61874
广州大学,物理类|本科批|普通类,最低分/最低位次：557/61652
山西大学,物理类|本科批|普通类,最低分/最低位次：557/61765
广东外语外贸大学,物理类|本科批|普通类,最低分/最低位次：557/62243
上海海事大学,物理类|本科批|普通类,最低分/最低位次：557/61798
河北师范大学,物理类|本科批|普通类,最低分/最低位次：557/62472
桂林电子科技大学,物理类|本科批|普通类,最低分/最低位次：557/61751
河南财经政法大学,物理类|本科批|普通类,最低分/最低位次：557/62570
上海立信会计金融学院,物理类|本科批|普通类,最低分/最低位次：557/62446
贵州中医药大学,物理类|本科批|普通类,最低分/最低位次：557/62303
深圳技术大学,物理类|本科批|普通类,最低分/最低位次：557/61641
燕山大学,物理类|本科批|普通类,最低分/最低位次：556/63736
山西大学,物理类|本科批|普通类,最低分/最低位次：556/63322
长沙理工大学,物理类|本科批|普通类,最低分/最低位次：556/62821
汕头大学,物理类|本科批|普通类,最低分/最低位次：556/63541
上海应用技术大学,物理类|本科批|普通类,最低分/最低位次：556/62674
江西中医药大学,物理类|本科批|普通类,最低分/最低位次：556/63596
大连外国语大学,物理类|本科批|普通类,最低分/最低位次：556/63664
江西科技师范大学,物理类|本科批|普通类,最低分/最低位次：556/63763
天津外国语大学,物理类|本科批|普通类,最低分/最低位次：556/63327
天津外国语大学,物理类|本科批|普通类,最低分/最低位次：556/62879
山东科技大学,物理类|本科批|普通类,最低分/最低位次：555/64814
浙江工商大学,物理类|本科批|普通类,最低分/最低位次：555/64266
河南科技大学,物理类|本科批|普通类,最低分/最低位次：555/64651
广东外语外贸大学,物理类|本科批|普通类,最低分/最低位次：555/63950
河北师范大学,物理类|本科批|普通类,最低分/最低位次：555/63915
湖南农业大学,物理类|本科批|普通类,最低分/最低位次：555/64223
北京工商大学,物理类|本科批|普通类,最低分/最低位次：555/64202
山西医科大学,物理类|本科批|普通类,最低分/最低位次：555/64185
青海大学,物理类|本科批|普通类,最低分/最低位次：555/64829
石家庄铁道大学,物理类|本科批|普通类,最低分/最低位次：555/64849
四川师范大学,物理类|本科批|普通类,最低分/最低位次：555/63992
成都中医药大学,物理类|本科批|普通类,最低分/最低位次：555/63831
海南师范大学,物理类|本科批|普通类,最低分/最低位次：555/64636
佛山科学技术学院,物理类|本科批|普通类,最低分/最低位次：555/64170
湖北师范大学,物理类|本科批|普通类,最低分/最低位次：555/64647
遵义医科大学,物理类|本科批|普通类,最低分/最低位次：555/64975
中国石油大学（北京）克拉玛依校区,物理类|本科批|普通类,最低分/最低位次：555/64937
广东工业大学,物理类|本科批|普通类,最低分/最低位次：554/65738
武汉科技大学,物理类|本科批|普通类,最低分/最低位次：554/65276
长沙理工大学,物理类|本科批|普通类,最低分/最低位次：554/65729
汕头大学,物理类|本科批|普通类,最低分/最低位次：554/65052
汕头大学,物理类|本科批|普通类,最低分/最低位次：554/65510
济南大学,物理类|本科批|普通类,最低分/最低位次：554/65249
广西师范大学,物理类|本科批|普通类,最低分/最低位次：554/65033
湖南科技大学,物理类|本科批|普通类,最低分/最低位次：554/65199
四川师范大学,物理类|本科批|普通类,最低分/最低位次：554/66231
重庆师范大学,物理类|本科批|普通类,最低分/最低位次：554/65830
苏州科技大学,物理类|本科批|普通类,最低分/最低位次：554/66098
大连外国语大学,物理类|本科批|普通类,最低分/最低位次：554/65757
赣南师范大学,物理类|本科批|普通类,最低分/最低位次：554/65466
浙大城市学院,物理类|本科批|普通类,最低分/最低位次：554/65881
桂林医学院,物理类|本科批|普通类,最低分/最低位次：554/65916
浙江传媒学院,物理类|本科批|普通类,最低分/最低位次：554/65192
河北中医学院,物理类|本科批|普通类,最低分/最低位次：554/65093
山西中医药大学,物理类|本科批|普通类,最低分/最低位次：554/66088
福建师范大学,物理类|本科批|普通类,最低分/最低位次：553/67108
浙江师范大学,物理类|本科批|普通类,最低分/最低位次：553/66469
广东工业大学,物理类|本科批|普通类,最低分/最低位次：553/67197
长沙理工大学,物理类|本科批|普通类,最低分/最低位次：553/67388
长沙理工大学,物理类|本科批|普通类,最低分/最低位次：553/67349
江西师范大学,物理类|本科批|普通类,最低分/最低位次：553/67148
陕西科技大学,物理类|本科批|普通类,最低分/最低位次：553/66745
华侨大学,物理类|本科批|普通类,最低分/最低位次：553/67064
华侨大学,物理类|本科批|普通类,最低分/最低位次：553/67168
武汉工程大学,物理类|本科批|普通类,最低分/最低位次：553/67432
南通大学,物理类|本科批|普通类,最低分/最低位次：553/67083
重庆交通大学,物理类|本科批|普通类,最低分/最低位次：553/67052
湖南科技大学,物理类|本科批|普通类,最低分/最低位次：553/66374
哈尔滨师范大学,物理类|本科批|普通类,最低分/最低位次：553/67077
重庆理工大学,物理类|本科批|普通类,最低分/最低位次：553/67060
上海应用技术大学,物理类|本科批|普通类,最低分/最低位次：553/66941
成都医学院,物理类|本科批|普通类,最低分/最低位次：553/67496
海南医学院,物理类|本科批|普通类,最低分/最低位次：553/67503
厦门医学院,物理类|本科批|普通类,最低分/最低位次：553/66328
山东师范大学,物理类|本科批|普通类,最低分/最低位次：552/67812
青岛大学,物理类|本科批|普通类,最低分/最低位次：552/67872
青岛大学,物理类|本科批|普通类,最低分/最低位次：552/68505
青岛大学,物理类|本科批|普通类,最低分/最低位次：552/68102
湖北大学,物理类|本科批|普通类,最低分/最低位次：552/68404
长沙理工大学,物理类|本科批|普通类,最低分/最低位次：552/67714
南京中医药大学,物理类|本科批|普通类,最低分/最低位次：552/67851
湖北工业大学,物理类|本科批|普通类,最低分/最低位次：552/67666
广州中医药大学,物理类|本科批|普通类,最低分/最低位次：552/68412
南通大学,物理类|本科批|普通类,最低分/最低位次：552/67771
北京工商大学,物理类|本科批|普通类,最低分/最低位次：552/68054
西安科技大学,物理类|本科批|普通类,最低分/最低位次：552/67846
浙江海洋大学,物理类|本科批|普通类,最低分/最低位次：552/68627
四川师范大学,物理类|本科批|普通类,最低分/最低位次：552/68417
重庆师范大学,物理类|本科批|普通类,最低分/最低位次：552/67989
桂林电子科技大学,物理类|本科批|普通类,最低分/最低位次：552/68560
山东中医药大学,物理类|本科批|普通类,最低分/最低位次：552/68679
南京工程学院,物理类|本科批|普通类,最低分/最低位次：552/67939
赣南医学院,物理类|本科批|普通类,最低分/最低位次：552/68203
内蒙古大学,物理类|本科批|普通类,最低分/最低位次：551/68868
内蒙古大学,物理类|本科批|普通类,最低分/最低位次：551/69620
安徽师范大学,物理类|本科批|普通类,最低分/最低位次：551/69517
华侨大学,物理类|本科批|普通类,最低分/最低位次：551/69436
江苏科技大学,物理类|本科批|普通类,最低分/最低位次：551/69878
广州中医药大学,物理类|本科批|普通类,最低分/最低位次：551/68976
新疆大学,物理类|本科批|普通类,最低分/最低位次：551/69057
新疆大学,物理类|本科批|普通类,最低分/最低位次：551/69793
上海体育学院,物理类|本科批|普通类,最低分/最低位次：551/68810
天津中医药大学,物理类|本科批|普通类,最低分/最低位次：551/69332
天津中医药大学,物理类|本科批|普通类,最低分/最低位次：551/68750
西藏大学,物理类|本科批|普通类,最低分/最低位次：551/69309
武汉轻工大学,物理类|本科批|普通类,最低分/最低位次：551/69242
南宁师范大学,物理类|本科批|普通类,最低分/最低位次：551/69962
四川美术学院,物理类|本科批|普通类,最低分/最低位次：551/69964
湖北大学,物理类|本科批|普通类,最低分/最低位次：550/70343
江西师范大学,物理类|本科批|普通类,最低分/最低位次：550/71080
济南大学,物理类|本科批|普通类,最低分/最低位次：550/70569
江苏科技大学,物理类|本科批|普通类,最低分/最低位次：550/70371
浙江农林大学,物理类|本科批|普通类,最低分/最低位次：550/70424
广州中医药大学,物理类|本科批|普通类,最低分/最低位次：550/70843
浙江中医药大学,物理类|本科批|普通类,最低分/最低位次：550/70957
新疆大学,物理类|本科批|普通类,最低分/最低位次：550/70418
江西理工大学,物理类|本科批|普通类,最低分/最低位次：550/70675
重庆交通大学,物理类|本科批|普通类,最低分/最低位次：550/70797
哈尔滨师范大学,物理类|本科批|普通类,最低分/最低位次：550/71068
沈阳药科大学,物理类|本科批|普通类,最低分/最低位次：550/71070
中南林业科技大学,物理类|本科批|普通类,最低分/最低位次：550/70606
苏州科技大学,物理类|本科批|普通类,最低分/最低位次：550/70473
西南医科大学,物理类|本科批|普通类,最低分/最低位次：550/70816
新乡医学院,物理类|本科批|普通类,最低分/最低位次：550/70274
湖南中医药大学,物理类|本科批|普通类,最低分/最低位次：550/70022
安徽中医药大学,物理类|本科批|普通类,最低分/最低位次：550/70759
大连外国语大学,物理类|本科批|普通类,最低分/最低位次：550/71071
南宁师范大学,物理类|本科批|普通类,最低分/最低位次：550/70478
川北医学院,物理类|本科批|普通类,最低分/最低位次：550/70401
承德医学院,物理类|本科批|普通类,最低分/最低位次：550/70907
福建师范大学,物理类|本科批|普通类,最低分/最低位次：549/71969
江西师范大学,物理类|本科批|普通类,最低分/最低位次：549/71696
陕西科技大学,物理类|本科批|普通类,最低分/最低位次：549/71676
湖北工业大学,物理类|本科批|普通类,最低分/最低位次：549/71484
济南大学,物理类|本科批|普通类,最低分/最低位次：549/71823
西北师范大学,物理类|本科批|普通类,最低分/最低位次：549/72443
石河子大学,物理类|本科批|普通类,最低分/最低位次：549/71690
江西理工大学,物理类|本科批|普通类,最低分/最低位次：549/71244
集美大学,物理类|本科批|普通类,最低分/最低位次：549/71597
青海大学,物理类|本科批|普通类,最低分/最低位次：549/71544
石家庄铁道大学,物理类|本科批|普通类,最低分/最低位次：549/71361
天津科技大学,物理类|本科批|普通类,最低分/最低位次：549/71395
河南中医药大学,物理类|本科批|普通类,最低分/最低位次：549/71809
海南师范大学,物理类|本科批|普通类,最低分/最低位次：549/71951
成都大学,物理类|本科批|普通类,最低分/最低位次：549/71525
广东财经大学,物理类|本科批|普通类,最低分/最低位次：549/72056
赣南师范大学,物理类|本科批|普通类,最低分/最低位次：549/71620
赣南师范大学,物理类|本科批|普通类,最低分/最低位次：549/71477
沈阳医学院,物理类|本科批|普通类,最低分/最低位次：549/72260
泉州师范学院,物理类|本科批|普通类,最低分/最低位次：549/71816
湖南工商大学,物理类|本科批|普通类,最低分/最低位次：549/71800
广东第二师范学院,物理类|本科批|普通类,最低分/最低位次：549/71732
星海音乐学院,物理类|本科批|普通类,最低分/最低位次：549/71601
广东工业大学,物理类|本科批|普通类,最低分/最低位次：548/73297
昆明理工大学,物理类|本科批|普通类,最低分/最低位次：548/72682
济南大学,物理类|本科批|普通类,最低分/最低位次：548/73388
安徽农业大学,物理类|本科批|普通类,最低分/最低位次：548/73666
浙江中医药大学,物理类|本科批|普通类,最低分/最低位次：548/73309
新疆大学,物理类|本科批|普通类,最低分/最低位次：548/72576
湖南农业大学,物理类|本科批|普通类,最低分/最低位次：548/73358
西安科技大学,物理类|本科批|普通类,最低分/最低位次：548/73474
西安科技大学,物理类|本科批|普通类,最低分/最低位次：548/73761
集美大学,物理类|本科批|普通类,最低分/最低位次：548/72564
南华大学,物理类|本科批|普通类,最低分/最低位次：548/72580
上海工程技术大学,物理类|本科批|普通类,最低分/最低位次：548/72920
佛山科学技术学院,物理类|本科批|普通类,最低分/最低位次：548/72983
成都大学,物理类|本科批|普通类,最低分/最低位次：548/73643
北京物资学院,物理类|本科批|普通类,最低分/最低位次：548/72994
北京物资学院,物理类|本科批|普通类,最低分/最低位次：548/72603
湖北科技学院,物理类|本科批|普通类,最低分/最低位次：548/73386
右江民族医学院,物理类|本科批|普通类,最低分/最低位次：548/73287
河北医科大学,物理类|本科批|普通类,最低分/最低位次：547/74707
青岛大学,物理类|本科批|普通类,最低分/最低位次：547/74103
西北师范大学,物理类|本科批|普通类,最低分/最低位次：547/74803
湖南农业大学,物理类|本科批|普通类,最低分/最低位次：547/74361
湖南农业大学,物理类|本科批|普通类,最低分/最低位次：547/74273
河南理工大学,物理类|本科批|普通类,最低分/最低位次：547/74609
山东财经大学,物理类|本科批|普通类,最低分/最低位次：547/74973
重庆交通大学,物理类|本科批|普通类,最低分/最低位次：547/74066
重庆师范大学,物理类|本科批|普通类,最低分/最低位次：547/74604
武汉轻工大学,物理类|本科批|普通类,最低分/最低位次：547/74825
佛山科学技术学院,物理类|本科批|普通类,最低分/最低位次：547/74363
宁夏医科大学,物理类|本科批|普通类,最低分/最低位次：547/73873
北京联合大学,物理类|本科批|普通类,最低分/最低位次：547/74746
大连外国语大学,物理类|本科批|普通类,最低分/最低位次：547/74136
厦门理工学院,物理类|本科批|普通类,最低分/最低位次：547/73862
西华大学,物理类|本科批|普通类,最低分/最低位次：547/74822
锦州医科大学,物理类|本科批|普通类,最低分/最低位次：547/74829
湖北医药学院,物理类|本科批|普通类,最低分/最低位次：547/74579
湖北师范大学,物理类|本科批|普通类,最低分/最低位次：547/73864
井冈山大学,物理类|本科批|普通类,最低分/最低位次：547/74134
上海第二工业大学,物理类|本科批|普通类,最低分/最低位次：547/74578
山东师范大学,物理类|本科批|普通类,最低分/最低位次：546/75308
河北医科大学,物理类|本科批|普通类,最低分/最低位次：546/76053
江西财经大学,物理类|本科批|普通类,最低分/最低位次：546/75439
江苏科技大学,物理类|本科批|普通类,最低分/最低位次：546/75902
浙江农林大学,物理类|本科批|普通类,最低分/最低位次：546/75817
常州大学,物理类|本科批|普通类,最低分/最低位次：546/75696
青岛科技大学,物理类|本科批|普通类,最低分/最低位次：546/75944
宁夏大学,物理类|本科批|普通类,最低分/最低位次：546/75832
江西理工大学,物理类|本科批|普通类,最低分/最低位次：546/76187
南昌航空大学,物理类|本科批|普通类,最低分/最低位次：546/75881
青海大学,物理类|本科批|普通类,最低分/最低位次：546/76341
浙江海洋大学,物理类|本科批|普通类,最低分/最低位次：546/75414
湖南科技大学,物理类|本科批|普通类,最低分/最低位次：546/76139
中南民族大学,物理类|本科批|普通类,最低分/最低位次：546/76290
华北水利水电大学,物理类|本科批|普通类,最低分/最低位次：546/75726
华北水利水电大学,物理类|本科批|普通类,最低分/最低位次：546/75828
西安工程大学,物理类|本科批|普通类,最低分/最低位次：546/76014
中国民航大学,物理类|本科批|普通类,最低分/最低位次：546/76079
重庆工商大学,物理类|本科批|普通类,最低分/最低位次：546/75918
济宁医学院,物理类|本科批|普通类,最低分/最低位次：546/75171
福建中医药大学,物理类|本科批|普通类,最低分/最低位次：546/75735
陕西中医药大学,物理类|本科批|普通类,最低分/最低位次：546/76260
九江学院,物理类|本科批|普通类,最低分/最低位次：546/75062
南昌医学院,物理类|本科批|普通类,最低分/最低位次：546/75892
安徽师范大学,物理类|本科批|普通类,最低分/最低位次：545/77111
河南师范大学,物理类|本科批|普通类,最低分/最低位次：545/77152
昆明理工大学,物理类|本科批|普通类,最低分/最低位次：545/77004
浙江农林大学,物理类|本科批|普通类,最低分/最低位次：545/76637
青岛科技大学,物理类|本科批|普通类,最低分/最低位次：545/77193
广西医科大学,物理类|本科批|普通类,最低分/最低位次：545/76974
南通大学,物理类|本科批|普通类,最低分/最低位次：545/77019
江西理工大学,物理类|本科批|普通类,最低分/最低位次：545/77064
西藏大学,物理类|本科批|普通类,最低分/最低位次：545/77383
湖南科技大学,物理类|本科批|普通类,最低分/最低位次：545/77200
天津理工大学,物理类|本科批|普通类,最低分/最低位次：545/77458
中南民族大学,物理类|本科批|普通类,最低分/最低位次：545/77638
西南科技大学,物理类|本科批|普通类,最低分/最低位次：545/77296
武汉纺织大学,物理类|本科批|普通类,最低分/最低位次：545/77531
华东交通大学,物理类|本科批|普通类,最低分/最低位次：545/76479
重庆理工大学,物理类|本科批|普通类,最低分/最低位次：545/76951
成都大学,物理类|本科批|普通类,最低分/最低位次：545/76879
新疆医科大学,物理类|本科批|普通类,最低分/最低位次：545/76646
湖南工业大学,物理类|本科批|普通类,最低分/最低位次：545/76810
重庆工商大学,物理类|本科批|普通类,最低分/最低位次：545/77137
重庆工商大学,物理类|本科批|普通类,最低分/最低位次：545/76677
大理大学,物理类|本科批|普通类,最低分/最低位次：545/77275
湖南工商大学,物理类|本科批|普通类,最低分/最低位次：545/76640
陕西中医药大学,物理类|本科批|普通类,最低分/最低位次：545/77567
广东第二师范学院,物理类|本科批|普通类,最低分/最低位次：545/76856
河北医科大学,物理类|本科批|普通类,最低分/最低位次：544/77957
济南大学,物理类|本科批|普通类,最低分/最低位次：544/78829
石河子大学,物理类|本科批|普通类,最低分/最低位次：544/78359
石河子大学,物理类|本科批|普通类,最低分/最低位次：544/78132
湖南农业大学,物理类|本科批|普通类,最低分/最低位次：544/77667
南通大学,物理类|本科批|普通类,最低分/最低位次：544/78802
长江大学,物理类|本科批|普通类,最低分/最低位次：544/77694
山东理工大学,物理类|本科批|普通类,最低分/最低位次：544/78027
天津科技大学,物理类|本科批|普通类,最低分/最低位次：544/77711
青岛理工大学,物理类|本科批|普通类,最低分/最低位次：544/78016
东北电力大学,物理类|本科批|普通类,最低分/最低位次：544/77695
东北电力大学,物理类|本科批|普通类,最低分/最低位次：544/78535
西安石油大学,物理类|本科批|普通类,最低分/最低位次：544/78854
西安石油大学,物理类|本科批|普通类,最低分/最低位次：544/78746
大连大学,物理类|本科批|普通类,最低分/最低位次：544/78790
辽宁中医药大学,物理类|本科批|普通类,最低分/最低位次：544/77735
中国民航大学,物理类|本科批|普通类,最低分/最低位次：544/78542
中国民航大学,物理类|本科批|普通类,最低分/最低位次：544/78172
西南民族大学,物理类|本科批|普通类,最低分/最低位次：544/78188
衡阳师范学院,物理类|本科批|普通类,最低分/最低位次：544/78152
韶关学院,物理类|本科批|普通类,最低分/最低位次：544/78751
长治医学院,物理类|本科批|普通类,最低分/最低位次：544/78068
济南大学,物理类|本科批|普通类,最低分/最低位次：543/79112
河南科技大学,物理类|本科批|普通类,最低分/最低位次：543/79194
青岛科技大学,物理类|本科批|普通类,最低分/最低位次：543/79147
湖南农业大学,物理类|本科批|普通类,最低分/最低位次：543/79444
天津中医药大学,物理类|本科批|普通类,最低分/最低位次：543/79111
青海大学,物理类|本科批|普通类,最低分/最低位次：543/79450
石家庄铁道大学,物理类|本科批|普通类,最低分/最低位次：543/79320
浙江海洋大学,物理类|本科批|普通类,最低分/最低位次：543/79480
重庆交通大学,物理类|本科提前批|普通类,最低分/最低位次：543/79001
湖南科技大学,物理类|本科批|普通类,最低分/最低位次：543/79404
湖南科技大学,物理类|本科批|普通类,最低分/最低位次：543/80045
天津理工大学,物理类|本科批|普通类,最低分/最低位次：543/79113
沈阳药科大学,物理类|本科批|普通类,最低分/最低位次：543/79780
中南林业科技大学,物理类|本科批|普通类,最低分/最低位次：543/79591
沈阳航空航天大学,物理类|本科批|普通类,最低分/最低位次：543/79003
西安石油大学,物理类|本科批|普通类,最低分/最低位次：543/79549
湖北中医药大学,物理类|本科批|普通类,最低分/最低位次：543/79545
江苏理工学院,物理类|本科批|普通类,最低分/最低位次：543/79933
西南林业大学,物理类|本科批|普通类,最低分/最低位次：543/79835
广西民族大学,物理类|本科批|普通类,最低分/最低位次：543/79254
广西中医药大学,物理类|本科批|普通类,最低分/最低位次：543/79306
广西中医药大学,物理类|本科批|普通类,最低分/最低位次：543/80166
丽水学院,物理类|本科批|普通类,最低分/最低位次：543/79221
陇东学院,物理类|本科批|普通类,最低分/最低位次：543/79841
北京服装学院,物理类|本科批|普通类,最低分/最低位次：543/79627
广州美术学院,物理类|本科批|普通类,最低分/最低位次：543/79997
安徽农业大学,物理类|本科批|普通类,最低分/最低位次：542/81179
安徽工业大学,物理类|本科批|普通类,最低分/最低位次：542/81225
浙江海洋大学,物理类|本科批|普通类,最低分/最低位次：542/80813
桂林电子科技大学,物理类|本科批|普通类,最低分/最低位次：542/81101
佛山科学技术学院,物理类|本科批|普通类,最低分/最低位次：542/81183
佛山科学技术学院,物理类|本科批|普通类,最低分/最低位次：542/80624
大连交通大学,物理类|本科批|普通类,最低分/最低位次：542/81242
广东财经大学,物理类|本科批|普通类,最低分/最低位次：542/80764
华北理工大学,物理类|本科批|普通类,最低分/最低位次：542/81425
西安工业大学,物理类|本科批|普通类,最低分/最低位次：542/80963
赣南师范大学,物理类|本科批|普通类,最低分/最低位次：542/80864
北京石油化工学院,物理类|本科批|普通类,最低分/最低位次：542/80578
北京石油化工学院,物理类|本科批|普通类,最低分/最低位次：542/81411
甘肃政法大学,物理类|本科批|普通类,最低分/最低位次：542/80498
湖北理工学院,物理类|本科批|普通类,最低分/最低位次：542/80359
广东第二师范学院,物理类|本科批|普通类,最低分/最低位次：542/80290
广州美术学院,物理类|本科批|普通类,最低分/最低位次：542/80404
四川音乐学院,物理类|本科批|普通类,最低分/最低位次：542/80927
福建农林大学,物理类|本科批|普通类,最低分/最低位次：541/82000
济南大学,物理类|本科批|普通类,最低分/最低位次：541/81479
长江大学,物理类|本科批|普通类,最低分/最低位次：541/82671
中南民族大学,物理类|本科批|普通类,最低分/最低位次：541/81987
华东交通大学,物理类|本科批|普通类,最低分/最低位次：541/81491
江西农业大学,物理类|本科批|普通类,最低分/最低位次：541/82761
安徽财经大学,物理类|本科批|普通类,最低分/最低位次：541/81652
大连交通大学,物理类|本科批|普通类,最低分/最低位次：541/82200
潍坊医学院,物理类|本科批|普通类,最低分/最低位次：541/82068
湖南工业大学,物理类|本科批|普通类,最低分/最低位次：541/82381
湖北中医药大学,物理类|本科批|普通类,最低分/最低位次：541/81484
浙大城市学院,物理类|本科批|普通类,最低分/最低位次：541/81911
广东海洋大学,物理类|本科批|普通类,最低分/最低位次：541/82737
上海电机学院,物理类|本科批|普通类,最低分/最低位次：541/81822
陕西中医药大学,物理类|本科批|普通类,最低分/最低位次：541/82234
佳木斯大学,物理类|本科批|普通类,最低分/最低位次：541/81612
嘉应学院,物理类|本科批|普通类,最低分/最低位次：541/82165
邵阳学院,物理类|本科批|普通类,最低分/最低位次：541/81810
西安建筑科技大学,物理类|本科批|普通类,最低分/最低位次：540/83837
河南农业大学,物理类|本科批|普通类,最低分/最低位次：540/83619
石河子大学,物理类|本科批|普通类,最低分/最低位次：540/83821
湖南农业大学,物理类|本科批|普通类,最低分/最低位次：540/83568
山西医科大学,物理类|本科批|普通类,最低分/最低位次：540/83258
西安科技大学,物理类|本科批|普通类,最低分/最低位次：540/83957
安徽理工大学,物理类|本科批|普通类,最低分/最低位次：540/83937
中北大学,物理类|本科批|普通类,最低分/最低位次：540/83640
天津科技大学,物理类|本科批|普通类,最低分/最低位次：540/82866
沈阳药科大学,物理类|本科批|普通类,最低分/最低位次：540/83434
兰州理工大学,物理类|本科批|普通类,最低分/最低位次：540/83981
青岛理工大学,物理类|本科批|普通类,最低分/最低位次：540/83366
青岛理工大学,物理类|本科批|普通类,最低分/最低位次：540/82999
安徽财经大学,物理类|本科批|普通类,最低分/最低位次：540/83884
兰州交通大学,物理类|本科批|普通类,最低分/最低位次：540/83836
安徽工程大学,物理类|本科批|普通类,最低分/最低位次：540/82860
湖南工业大学,物理类|本科批|普通类,最低分/最低位次：540/83185
赣南师范大学,物理类|本科批|普通类,最低分/最低位次：540/83016
昆明医科大学,物理类|本科批|普通类,最低分/最低位次：540/82834
滨州医学院,物理类|本科批|普通类,最低分/最低位次：540/82853
泉州师范学院,物理类|本科批|普通类,最低分/最低位次：540/83336
惠州学院,物理类|本科批|普通类,最低分/最低位次：540/84043
惠州学院,物理类|本科批|普通类,最低分/最低位次：540/83855
西安财经大学,物理类|本科批|普通类,最低分/最低位次：540/83760
云南中医药大学,物理类|本科批|普通类,最低分/最低位次：540/83077
河北北方学院,物理类|本科批|普通类,最低分/最低位次：540/82969
江西师范大学,物理类|本科批|普通类,最低分/最低位次：539/84303
福建农林大学,物理类|本科批|普通类,最低分/最低位次：539/85104
济南大学,物理类|本科批|普通类,最低分/最低位次：539/84805
安徽农业大学,物理类|本科批|普通类,最低分/最低位次：539/85211
河南科技大学,物理类|本科批|普通类,最低分/最低位次：539/84582
河南科技大学,物理类|本科批|普通类,最低分/最低位次：539/84389
常州大学,物理类|本科批|普通类,最低分/最低位次：539/84307
石家庄铁道大学,物理类|本科批|普通类,最低分/最低位次：539/84788
烟台大学,物理类|本科批|普通类,最低分/最低位次：539/84767
佛山科学技术学院,物理类|本科批|普通类,最低分/最低位次：539/84546
大连交通大学,物理类|本科批|普通类,最低分/最低位次：539/85332
新疆医科大学,物理类|本科批|普通类,最低分/最低位次：539/84478
华北理工大学,物理类|本科批|普通类,最低分/最低位次：539/85426
北京石油化工学院,物理类|本科批|普通类,最低分/最低位次：539/84689
泉州师范学院,物理类|本科批|普通类,最低分/最低位次：539/85092
中国劳动关系学院,物理类|本科批|普通类,最低分/最低位次：539/85388
中国民用航空飞行学院,物理类|本科批|普通类,最低分/最低位次：539/85182
云南中医药大学,物理类|本科批|普通类,最低分/最低位次：539/85460
长治医学院,物理类|本科批|普通类,最低分/最低位次：539/84730
河南科技大学,物理类|本科批|普通类,最低分/最低位次：538/86774
湖南农业大学,物理类|本科批|普通类,最低分/最低位次：538/85943
河南工业大学,物理类|本科批|普通类,最低分/最低位次：538/86201
华东交通大学,物理类|本科批|普通类,最低分/最低位次：538/85559
北京印刷学院,物理类|本科批|普通类,最低分/最低位次：538/85849
大连交通大学,物理类|本科批|普通类,最低分/最低位次：538/85901
大连工业大学,物理类|本科批|普通类,最低分/最低位次：538/86470
西南民族大学,物理类|本科批|普通类,最低分/最低位次：538/86058
江西中医药大学,物理类|本科批|普通类,最低分/最低位次：538/86783
桂林理工大学,物理类|本科批|普通类,最低分/最低位次：538/86263
吉首大学,物理类|本科批|普通类,最低分/最低位次：538/86434
首都体育学院,物理类|本科批|普通类,最低分/最低位次：538/86028
四川轻化工大学,物理类|本科批|普通类,最低分/最低位次：538/86398
江苏警官学院,物理类|本科批|普通类,最低分/最低位次：538/86439
南京特殊教育师范学院,物理类|本科批|普通类,最低分/最低位次：538/85712
天津医科大学临床医学院,物理类|本科批|普通类,最低分/最低位次：538/86544
常州大学,物理类|本科批|普通类,最低分/最低位次：537/87853
山东理工大学,物理类|本科批|普通类,最低分/最低位次：537/87722
山东理工大学,物理类|本科批|普通类,最低分/最低位次：537/88118
河南理工大学,物理类|本科批|普通类,最低分/最低位次：537/87288
中北大学,物理类|本科批|普通类,最低分/最低位次：537/88126
西藏大学,物理类|本科批|普通类,最低分/最低位次：537/88185
西安石油大学,物理类|本科批|普通类,最低分/最低位次：537/87191
湖南工业大学,物理类|本科批|普通类,最低分/最低位次：537/87012
江西中医药大学,物理类|本科批|普通类,最低分/最低位次：537/87614
北京石油化工学院,物理类|本科批|普通类,最低分/最低位次：537/87169
浙江科技学院,物理类|本科批|普通类,最低分/最低位次：537/87199
山西财经大学,物理类|本科批|普通类,最低分/最低位次：537/87240
湖南理工学院,物理类|本科批|普通类,最低分/最低位次：537/87433
贵州财经大学,物理类|本科批|普通类,最低分/最低位次：537/87092
燕山大学,物理类|本科批|普通类,最低分/最低位次：536/89595
常州大学,物理类|本科批|普通类,最低分/最低位次：536/88619
集美大学,物理类|本科提前批|普通类,最低分/最低位次：536/89556
南华大学,物理类|本科批|普通类,最低分/最低位次：536/89433
南华大学,物理类|本科批|普通类,最低分/最低位次：536/88970
西南科技大学,物理类|本科批|普通类,最低分/最低位次：536/88360
西南科技大学,物理类|本科批|普通类,最低分/最低位次：536/88686
东华理工大学,物理类|本科批|普通类,最低分/最低位次：536/88910
华北理工大学,物理类|本科批|普通类,最低分/最低位次：536/88464
华北理工大学,物理类|本科批|普通类,最低分/最低位次：536/88445
广东海洋大学,物理类|本科批|普通类,最低分/最低位次：536/89392
湖南医药学院,物理类|本科批|普通类,最低分/最低位次：536/89247
河南师范大学,物理类|本科批|普通类,最低分/最低位次：535/90445
长春理工大学,物理类|本科批|普通类,最低分/最低位次：535/90246
安徽工业大学,物理类|本科批|普通类,最低分/最低位次：535/91011
集美大学,物理类|本科提前批|普通类,最低分/最低位次：535/90955
南昌航空大学,物理类|本科批|普通类,最低分/最低位次：535/89755
佛山科学技术学院,物理类|本科批|普通类,最低分/最低位次：535/90145
佛山科学技术学院,物理类|本科批|普通类,最低分/最低位次：535/90894
浙大宁波理工学院,物理类|本科批|普通类,最低分/最低位次：535/89863
桂林理工大学,物理类|本科批|普通类,最低分/最低位次：535/90268
浙江科技学院,物理类|本科批|普通类,最低分/最低位次：535/89832
广东警官学院,物理类|本科批|普通类,最低分/最低位次：535/89888
哈尔滨医科大学,物理类|本科批|普通类,最低分/最低位次：534/91147
福建农林大学,物理类|本科批|普通类,最低分/最低位次：534/91650
黑龙江大学,物理类|本科批|普通类,最低分/最低位次：534/92332
河南农业大学,物理类|本科批|普通类,最低分/最低位次：534/91831
河南科技大学,物理类|本科批|普通类,最低分/最低位次：534/91476
长江大学,物理类|本科批|普通类,最低分/最低位次：534/92083
云南师范大学,物理类|本科批|普通类,最低分/最低位次：534/91420
兰州理工大学,物理类|本科批|普通类,最低分/最低位次：534/91381
上海工程技术大学,物理类|本科批|普通类,最低分/最低位次：534/91935
中南林业科技大学,物理类|本科批|普通类,最低分/最低位次：534/91517
嘉兴学院,物理类|本科批|普通类,最低分/最低位次：534/91135
吉首大学,物理类|本科批|普通类,最低分/最低位次：534/91204
云南农业大学,物理类|本科批|普通类,最低分/最低位次：534/91609
云南财经大学,物理类|本科批|普通类,最低分/最低位次：534/91932
中国劳动关系学院,物理类|本科批|普通类,最低分/最低位次：534/91327
中国人民警察大学,物理类|本科批|普通类,最低分/最低位次：534/91651
沈阳工程学院,物理类|本科批|普通类,最低分/最低位次：534/91666
四川音乐学院,物理类|本科批|普通类,最低分/最低位次：534/92111
遵义医科大学医学与科技学院,物理类|本科批|普通类,最低分/最低位次：534/92328
河南农业大学,物理类|本科批|普通类,最低分/最低位次：533/93475
长春理工大学,物理类|本科批|普通类,最低分/最低位次：533/93238
长春理工大学,物理类|本科批|普通类,最低分/最低位次：533/93121
常州大学,物理类|本科批|普通类,最低分/最低位次：533/92502
山东理工大学,物理类|本科批|普通类,最低分/最低位次：533/92962
山东理工大学,物理类|本科批|普通类,最低分/最低位次：533/93029
江西理工大学,物理类|本科批|普通类,最低分/最低位次：533/92972
中北大学,物理类|本科批|普通类,最低分/最低位次：533/93825
中南林业科技大学,物理类|本科批|普通类,最低分/最低位次：533/93568
安徽建筑大学,物理类|本科批|普通类,最低分/最低位次：533/93731
佛山科学技术学院,物理类|本科批|普通类,最低分/最低位次：533/93220
大连工业大学,物理类|本科批|普通类,最低分/最低位次：533/92806
安徽中医药大学,物理类|本科批|普通类,最低分/最低位次：533/92966
赣南师范大学,物理类|本科批|普通类,最低分/最低位次：533/92591
沈阳理工大学,物理类|本科批|普通类,最低分/最低位次：533/93663
重庆科技学院,物理类|本科批|普通类,最低分/最低位次：533/93779
南宁师范大学,物理类|本科批|普通类,最低分/最低位次：533/93595
井冈山大学,物理类|本科批|普通类,最低分/最低位次：533/93756
惠州学院,物理类|本科批|普通类,最低分/最低位次：533/93053
惠州学院,物理类|本科批|普通类,最低分/最低位次：533/92790
齐齐哈尔医学院,物理类|本科批|普通类,最低分/最低位次：533/93798
牡丹江医学院,物理类|本科批|普通类,最低分/最低位次：533/93743
齐鲁工业大学,物理类|本科批|普通类,最低分/最低位次：532/94357
福建医科大学,物理类|本科批|普通类,最低分/最低位次：532/94710
河南理工大学,物理类|本科批|普通类,最低分/最低位次：532/95159
南昌航空大学,物理类|本科批|普通类,最低分/最低位次：532/94041
北京印刷学院,物理类|本科批|普通类,最低分/最低位次：532/94006
山东第一医科大学,物理类|本科批|普通类,最低分/最低位次：532/94120
辽宁工程技术大学,物理类|本科批|普通类,最低分/最低位次：532/94753
桂林理工大学,物理类|本科批|普通类,最低分/最低位次：532/95117
闽南师范大学,物理类|本科批|普通类,最低分/最低位次：532/93935
内蒙古医科大学,物理类|本科批|普通类,最低分/最低位次：532/94782
广东医科大学,物理类|本科批|普通类,最低分/最低位次：532/94712
湖北经济学院,物理类|本科批|普通类,最低分/最低位次：532/94979
长春师范大学,物理类|本科批|普通类,最低分/最低位次：532/94607
岭南师范学院,物理类|本科批|普通类,最低分/最低位次：532/95091
衡阳师范学院,物理类|本科批|普通类,最低分/最低位次：532/93904
宜春学院,物理类|本科批|普通类,最低分/最低位次：532/94715
天津医科大学临床医学院,物理类|本科批|普通类,最低分/最低位次：532/94148
浙江海洋大学,物理类|本科批|普通类,最低分/最低位次：531/95457
江西农业大学,物理类|本科批|普通类,最低分/最低位次：531/96098
江西农业大学,物理类|本科批|普通类,最低分/最低位次：531/95445
安徽建筑大学,物理类|本科批|普通类,最低分/最低位次：531/95497
湖南中医药大学,物理类|本科批|普通类,最低分/最低位次：531/96030
渤海大学,物理类|本科批|普通类,最低分/最低位次：531/95307
吉首大学,物理类|本科批|普通类,最低分/最低位次：531/96056
广东医科大学,物理类|本科批|普通类,最低分/最低位次：531/95769
江苏理工学院,物理类|本科批|普通类,最低分/最低位次：531/96528
四川轻化工大学,物理类|本科批|普通类,最低分/最低位次：531/96699
广西民族大学,物理类|本科批|普通类,最低分/最低位次：531/96713
惠州学院,物理类|本科批|普通类,最低分/最低位次：531/95803
湘南学院,物理类|本科批|普通类,最低分/最低位次：531/96636
湖南医药学院,物理类|本科批|普通类,最低分/最低位次：531/95489
河北医科大学临床学院,物理类|本科批|普通类,最低分/最低位次：531/95546
山东中医药大学,物理类|本科批|普通类,最低分/最低位次：530/98121
西华师范大学,物理类|本科批|普通类,最低分/最低位次：530/98115
安徽工程大学,物理类|本科批|普通类,最低分/最低位次：530/98039
江苏理工学院,物理类|本科批|普通类,最低分/最低位次：530/97424
长沙学院,物理类|本科批|普通类,最低分/最低位次：530/96736
西南林业大学,物理类|本科批|普通类,最低分/最低位次：530/97274
山西大同大学,物理类|本科批|普通类,最低分/最低位次：530/97691
山东中医药大学,物理类|本科批|普通类,最低分/最低位次：529/99394
河南中医药大学,物理类|本科批|普通类,最低分/最低位次：529/98660
佛山科学技术学院,物理类|本科批|普通类,最低分/最低位次：529/98967
山东建筑大学,物理类|本科批|普通类,最低分/最低位次：529/99217
华北理工大学,物理类|本科批|普通类,最低分/最低位次：529/98431
桂林理工大学,物理类|本科批|普通类,最低分/最低位次：529/99039
河北工程大学,物理类|本科批|普通类,最低分/最低位次：529/99105
内蒙古民族大学,物理类|本科批|普通类,最低分/最低位次：529/98246
云南农业大学,物理类|本科批|普通类,最低分/最低位次：529/98859
长春中医药大学,物理类|本科批|普通类,最低分/最低位次：529/99201
广东海洋大学,物理类|本科批|普通类,最低分/最低位次：529/98976
吉林财经大学,物理类|本科批|普通类,最低分/最低位次：529/98349
惠州学院,物理类|本科批|普通类,最低分/最低位次：529/99074
成都师范学院,物理类|本科批|普通类,最低分/最低位次：529/98212
湖南财政经济学院,物理类|本科批|普通类,最低分/最低位次：529/98995
广西财经学院,物理类|本科批|普通类,最低分/最低位次：529/98322
湖南警察学院,物理类|本科批|普通类,最低分/最低位次：529/99197
浙江理工大学,物理类|本科批|普通类,最低分/最低位次：528/99703
安徽理工大学,物理类|本科批|普通类,最低分/最低位次：528/100847
中北大学,物理类|本科批|普通类,最低分/最低位次：528/100608
哈尔滨师范大学,物理类|本科批|普通类,最低分/最低位次：528/100381
郑州轻工业大学,物理类|本科批|普通类,最低分/最低位次：528/100181
佛山科学技术学院,物理类|本科批|普通类,最低分/最低位次：528/99837
大连交通大学,物理类|本科批|普通类,最低分/最低位次：528/100793
大理大学,物理类|本科批|普通类,最低分/最低位次：528/99917
天津城建大学,物理类|本科批|普通类,最低分/最低位次：528/100745
长春师范大学,物理类|本科批|普通类,最低分/最低位次：528/100945
闽江学院,物理类|本科批|普通类,最低分/最低位次：528/100134
湖北科技学院,物理类|本科批|普通类,最低分/最低位次：528/99829
广西民族大学,物理类|本科批|普通类,最低分/最低位次：528/99921
惠州学院,物理类|本科批|普通类,最低分/最低位次：528/100731
广西科技大学,物理类|本科批|普通类,最低分/最低位次：528/99868
河北中医学院,物理类|本科批|普通类,最低分/最低位次：528/99903
南京特殊教育师范学院,物理类|本科批|普通类,最低分/最低位次：528/100862
南昌医学院,物理类|本科批|普通类,最低分/最低位次：528/100036
昆明医科大学海源学院,物理类|本科批|普通类,最低分/最低位次：528/100443
上海视觉艺术学院,物理类|本科批|普通类,最低分/最低位次：528/100936
长春理工大学,物理类|本科批|普通类,最低分/最低位次：527/101192
哈尔滨理工大学,物理类|本科批|普通类,最低分/最低位次：527/101736
沈阳工业大学,物理类|本科批|普通类,最低分/最低位次：527/101570
兰州交通大学,物理类|本科批|普通类,最低分/最低位次：527/102126
大连工业大学,物理类|本科批|普通类,最低分/最低位次：527/102363
沈阳理工大学,物理类|本科批|普通类,最低分/最低位次：527/102201
淮北师范大学,物理类|本科批|普通类,最低分/最低位次：527/101730
太原科技大学,物理类|本科批|普通类,最低分/最低位次：527/101112
四川轻化工大学,物理类|本科批|普通类,最低分/最低位次：527/101806
金陵科技学院,物理类|本科批|普通类,最低分/最低位次：527/102086
韶关学院,物理类|本科批|普通类,最低分/最低位次：527/101776
广东第二师范学院,物理类|本科批|普通类,最低分/最低位次：527/102028
贵州中医药大学,物理类|本科批|普通类,最低分/最低位次：527/101057
山东农业大学,物理类|本科批|普通类,最低分/最低位次：526/102979
哈尔滨理工大学,物理类|本科批|普通类,最低分/最低位次：526/102814
安徽建筑大学,物理类|本科批|普通类,最低分/最低位次：526/103089
聊城大学,物理类|本科批|普通类,最低分/最低位次：526/102940
辽宁石油化工大学,物理类|本科批|普通类,最低分/最低位次：526/102819
闽江学院,物理类|本科批|普通类,最低分/最低位次：526/102946
陕西理工大学,物理类|本科批|普通类,最低分/最低位次：526/102803
惠州学院,物理类|本科批|普通类,最低分/最低位次：526/102636
衡阳师范学院,物理类|本科批|普通类,最低分/最低位次：526/103302
云南财经大学,物理类|本科批|普通类,最低分/最低位次：526/103814
甘肃中医药大学,物理类|本科批|普通类,最低分/最低位次：526/103314
中国民用航空飞行学院,物理类|本科批|普通类,最低分/最低位次：526/103429
湖北理工学院,物理类|本科批|普通类,最低分/最低位次：526/102781
华北科技学院,物理类|本科批|普通类,最低分/最低位次：526/103213
山东协和学院,物理类|本科批|普通类,最低分/最低位次：526/103331
黑龙江大学,物理类|本科批|普通类,最低分/最低位次：525/104885
河南工业大学,物理类|本科批|普通类,最低分/最低位次：525/104469
南华大学,物理类|本科批|普通类,最低分/最低位次：525/105243
东北石油大学,物理类|本科批|普通类,最低分/最低位次：525/104362
景德镇陶瓷大学,物理类|本科批|普通类,最低分/最低位次：525/103998
广东海洋大学,物理类|本科批|普通类,最低分/最低位次：525/104012
长春师范大学,物理类|本科批|普通类,最低分/最低位次：525/104727
洛阳师范学院,物理类|本科批|普通类,最低分/最低位次：525/104177
陕西理工大学,物理类|本科批|普通类,最低分/最低位次：525/104737
惠州学院,物理类|本科批|普通类,最低分/最低位次：525/104494
南昌医学院,物理类|本科批|普通类,最低分/最低位次：525/104526
福建农林大学,物理类|本科批|普通类,最低分/最低位次：524/106523
山东农业大学,物理类|本科批|普通类,最低分/最低位次：524/105335
河南工业大学,物理类|本科批|普通类,最低分/最低位次：524/106319
河南中医药大学,物理类|本科批|普通类,最低分/最低位次：524/105738
大连工业大学,物理类|本科批|普通类,最低分/最低位次：524/106438
江西科技师范大学,物理类|本科批|普通类,最低分/最低位次：524/106142
沈阳大学,物理类|本科批|普通类,最低分/最低位次：524/106529
岭南师范学院,物理类|本科批|普通类,最低分/最低位次：524/106392
岭南师范学院,物理类|本科批|普通类,最低分/最低位次：524/105843
广西民族大学,物理类|本科批|普通类,最低分/最低位次：524/106195
杭州医学院,物理类|本科批|普通类,最低分/最低位次：524/105865
广西科技大学,物理类|本科批|普通类,最低分/最低位次：524/105940
海南医学院,物理类|本科批|普通类,最低分/最低位次：524/105368
广东第二师范学院,物理类|本科批|普通类,最低分/最低位次：524/105333
湘南学院,物理类|本科批|普通类,最低分/最低位次：524/105787
山西中医药大学,物理类|本科批|普通类,最低分/最低位次：524/105260
广西医科大学,物理类|本科批|普通类,最低分/最低位次：523/107080
哈尔滨理工大学,物理类|本科批|普通类,最低分/最低位次：523/107409
东北石油大学,物理类|本科批|普通类,最低分/最低位次：523/107044
东北石油大学,物理类|本科批|普通类,最低分/最低位次：523/106737
沈阳建筑大学,物理类|本科批|普通类,最低分/最低位次：523/108037
山西师范大学,物理类|本科批|普通类,最低分/最低位次：523/107383
辽宁科技大学,物理类|本科批|普通类,最低分/最低位次：523/108008
广东海洋大学,物理类|本科批|普通类,最低分/最低位次：523/107355
西南林业大学,物理类|本科批|普通类,最低分/最低位次：523/107254
成都师范学院,物理类|本科批|普通类,最低分/最低位次：523/106886
韶关学院,物理类|本科批|普通类,最低分/最低位次：523/107626
河北医科大学,物理类|本科批|普通类,最低分/最低位次：522/109499
南通大学,物理类|本科批|普通类,最低分/最低位次：522/108454
西安工程大学,物理类|本科批|普通类,最低分/最低位次：522/109400
新疆医科大学,物理类|本科批|普通类,最低分/最低位次：522/108660
辽宁石油化工大学,物理类|本科批|普通类,最低分/最低位次：522/108690
吉林师范大学,物理类|本科批|普通类,最低分/最低位次：522/109546
延安大学,物理类|本科批|普通类,最低分/最低位次：522/109534
长春工业大学,物理类|本科批|普通类,最低分/最低位次：522/108646
遵义医科大学,物理类|本科批|普通类,最低分/最低位次：522/108401
宁波工程学院,物理类|本科批|普通类,最低分/最低位次：522/108517
仲恺农业工程学院,物理类|本科批|普通类,最低分/最低位次：522/109571
泉州师范学院,物理类|本科批|普通类,最低分/最低位次：522/108191
惠州学院,物理类|本科批|普通类,最低分/最低位次：522/109092
衡阳师范学院,物理类|本科批|普通类,最低分/最低位次：522/109684
湖北工程学院,物理类|本科批|普通类,最低分/最低位次：522/108701
湖南工程学院,物理类|本科批|普通类,最低分/最低位次：522/109136
广东第二师范学院,物理类|本科批|普通类,最低分/最低位次：522/109390
南昌师范学院,物理类|本科批|普通类,最低分/最低位次：522/109382
上海健康医学院,物理类|本科批|普通类,最低分/最低位次：522/108773
福建农林大学,物理类|本科批|普通类,最低分/最低位次：521/110769
江西农业大学,物理类|本科批|普通类,最低分/最低位次：521/109940
兰州理工大学,物理类|本科批|普通类,最低分/最低位次：521/111079
山西农业大学,物理类|本科批|普通类,最低分/最低位次：521/110034
嘉兴学院,物理类|本科批|普通类,最低分/最低位次：521/110377
沈阳化工大学,物理类|本科批|普通类,最低分/最低位次：521/110136
合肥学院,物理类|本科批|普通类,最低分/最低位次：521/110341
江西中医药大学,物理类|本科批|普通类,最低分/最低位次：521/110935
广东技术师范大学,物理类|本科批|普通类,最低分/最低位次：521/110887
湖北第二师范学院,物理类|本科批|普通类,最低分/最低位次：521/110100
井冈山大学,物理类|本科批|普通类,最低分/最低位次：521/110814
泉州师范学院,物理类|本科批|普通类,最低分/最低位次：521/110886
湖北科技学院,物理类|本科批|普通类,最低分/最低位次：521/110160
广西民族大学,物理类|本科批|普通类,最低分/最低位次：521/110617
湖南城市学院,物理类|本科批|普通类,最低分/最低位次：521/111164
广西科技大学,物理类|本科批|普通类,最低分/最低位次：521/110496
河北中医学院,物理类|本科批|普通类,最低分/最低位次：521/110453
韩山师范学院,物理类|本科批|普通类,最低分/最低位次：521/110864
云南师范大学,物理类|本科批|普通类,最低分/最低位次：520/111166
武汉纺织大学,物理类|本科批|普通类,最低分/最低位次：520/111662
江西农业大学,物理类|本科批|普通类,最低分/最低位次：520/111848
青岛农业大学,物理类|本科批|普通类,最低分/最低位次：520/112262
郑州轻工业大学,物理类|本科批|普通类,最低分/最低位次：520/112229
大连工业大学,物理类|本科批|普通类,最低分/最低位次：520/111726
沈阳化工大学,物理类|本科批|普通类,最低分/最低位次：520/111877
南昌工程学院,物理类|本科批|普通类,最低分/最低位次：520/111692
广东海洋大学,物理类|本科批|普通类,最低分/最低位次：520/111613
西南林业大学,物理类|本科批|普通类,最低分/最低位次：520/112191
惠州学院,物理类|本科批|普通类,最低分/最低位次：520/111721
惠州学院,物理类|本科批|普通类,最低分/最低位次：520/112210
惠州学院,物理类|本科批|普通类,最低分/最低位次：520/112512
衡阳师范学院,物理类|本科批|普通类,最低分/最低位次：520/111198
肇庆学院,物理类|本科批|普通类,最低分/最低位次：520/112382
赣南医学院,物理类|本科批|普通类,最低分/最低位次：520/112488
防灾科技学院,物理类|本科批|普通类,最低分/最低位次：520/112427
丽水学院,物理类|本科批|普通类,最低分/最低位次：520/112284
湖北理工学院,物理类|本科批|普通类,最低分/最低位次：520/112283
新余学院,物理类|本科批|普通类,最低分/最低位次：520/112549
江西警察学院,物理类|本科批|普通类,最低分/最低位次：520/111416
南昌工程学院,物理类|本科批|普通类,最低分/最低位次：519/113370
江西科技师范大学,物理类|本科批|普通类,最低分/最低位次：519/112694
太原科技大学,物理类|本科批|普通类,最低分/最低位次：519/113297
天津城建大学,物理类|本科批|普通类,最低分/最低位次：519/113015
山东交通学院,物理类|本科提前批|普通类,最低分/最低位次：519/113320
常熟理工学院,物理类|本科批|普通类,最低分/最低位次：519/113749
湖北文理学院,物理类|本科批|普通类,最低分/最低位次：519/112677
洛阳师范学院,物理类|本科批|普通类,最低分/最低位次：519/113842
陕西理工大学,物理类|本科批|普通类,最低分/最低位次：519/112578
广西中医药大学,物理类|本科批|普通类,最低分/最低位次：519/113259
惠州学院,物理类|本科批|普通类,最低分/最低位次：519/113661
惠州学院,物理类|本科批|普通类,最低分/最低位次：519/112585
桂林医学院,物理类|本科批|普通类,最低分/最低位次：519/113449
甘肃中医药大学,物理类|本科批|普通类,最低分/最低位次：519/113719
中国民用航空飞行学院,物理类|本科批|普通类,最低分/最低位次：519/113904
上海健康医学院,物理类|本科批|普通类,最低分/最低位次：519/112680
大连工业大学,物理类|本科批|普通类,最低分/最低位次：518/114132
内蒙古师范大学,物理类|本科批|普通类,最低分/最低位次：518/115291
淮北师范大学,物理类|本科批|普通类,最低分/最低位次：518/115286
广东技术师范大学,物理类|本科批|普通类,最低分/最低位次：518/114607
景德镇陶瓷大学,物理类|本科批|普通类,最低分/最低位次：518/115052
新疆师范大学,物理类|本科批|普通类,最低分/最低位次：518/114774
井冈山大学,物理类|本科批|普通类,最低分/最低位次：518/114836
长沙学院,物理类|本科批|普通类,最低分/最低位次：518/114113
天津职业技术师范大学,物理类|本科批|普通类,最低分/最低位次：518/115505
湖北汽车工业学院,物理类|本科批|普通类,最低分/最低位次：518/115325
广东药科大学,物理类|本科批|普通类,最低分/最低位次：518/114286
韶关学院,物理类|本科批|普通类,最低分/最低位次：518/114506
韶关学院,物理类|本科批|普通类,最低分/最低位次：518/114796
西安航空学院,物理类|本科批|普通类,最低分/最低位次：518/114823
湘南学院,物理类|本科批|普通类,最低分/最低位次：518/115519
安顺学院,物理类|本科批|普通类,最低分/最低位次：518/114810
长治医学院,物理类|本科批|普通类,最低分/最低位次：518/115125
湖南财政经济学院,物理类|本科批|普通类,最低分/最低位次：518/115195
安徽医科大学临床医学院,物理类|本科批|普通类,最低分/最低位次：518/114622
锦州医科大学医疗学院,物理类|本科批|普通类,最低分/最低位次：518/115172
湖南中医药大学湘杏学院,物理类|本科批|普通类,最低分/最低位次：518/114489
鲁东大学,物理类|本科批|普通类,最低分/最低位次：517/116361
大连工业大学,物理类|本科批|普通类,最低分/最低位次：517/115690
临沂大学,物理类|本科批|普通类,最低分/最低位次：517/115834
长江师范学院,物理类|本科批|普通类,最低分/最低位次：517/116111
遵义医科大学,物理类|本科批|普通类,最低分/最低位次：517/116373
长沙学院,物理类|本科批|普通类,最低分/最低位次：517/116701
广东药科大学,物理类|本科批|普通类,最低分/最低位次：517/116108
湖南城市学院,物理类|本科批|普通类,最低分/最低位次：517/116366
韶关学院,物理类|本科批|普通类,最低分/最低位次：517/115833
河北地质大学,物理类|本科批|普通类,最低分/最低位次：517/116883
武汉体育学院,物理类|本科批|普通类,最低分/最低位次：517/116205
无锡学院,物理类|本科批|普通类,最低分/最低位次：517/116399
新疆第二医学院,物理类|本科批|普通类,最低分/最低位次：517/116875
山东工艺美术学院,物理类|本科批|普通类,最低分/最低位次：517/116018
湖州师范学院,物理类|本科批|普通类,最低分/最低位次：516/117288
青海师范大学,物理类|本科批|普通类,最低分/最低位次：516/118112
沈阳化工大学,物理类|本科批|普通类,最低分/最低位次：516/118539
锦州医科大学,物理类|本科批|普通类,最低分/最低位次：516/117234
安庆师范大学,物理类|本科批|普通类,最低分/最低位次：516/118531
江西科技师范大学,物理类|本科批|普通类,最低分/最低位次：516/117704
沈阳大学,物理类|本科批|普通类,最低分/最低位次：516/117551
长春中医药大学,物理类|本科批|普通类,最低分/最低位次：516/117147
哈尔滨商业大学,物理类|本科批|普通类,最低分/最低位次：516/118146
徐州工程学院,物理类|本科批|普通类,最低分/最低位次：516/117557
湖北工程学院,物理类|本科批|普通类,最低分/最低位次：516/118407
咸阳师范学院,物理类|本科批|普通类,最低分/最低位次：516/118427
邵阳学院,物理类|本科批|普通类,最低分/最低位次：516/117944
湖南中医药大学湘杏学院,物理类|本科批|普通类,最低分/最低位次：516/117248
黑龙江中医药大学,物理类|本科批|普通类,最低分/最低位次：515/119643
沈阳化工大学,物理类|本科批|普通类,最低分/最低位次：515/118632
淮北师范大学,物理类|本科批|普通类,最低分/最低位次：515/118645
长春工业大学,物理类|本科批|普通类,最低分/最低位次：515/119351
广东海洋大学,物理类|本科批|普通类,最低分/最低位次：515/119669
天津城建大学,物理类|本科批|普通类,最低分/最低位次：515/119251
岭南师范学院,物理类|本科批|普通类,最低分/最低位次：515/119171
北京服装学院,物理类|本科批|普通类,最低分/最低位次：515/119504
山东农业大学,物理类|本科批|普通类,最低分/最低位次：514/121402
广西师范大学,物理类|本科批|普通类,最低分/最低位次：514/121288
青岛农业大学,物理类|本科批|普通类,最低分/最低位次：514/121207
湖南工业大学,物理类|本科批|普通类,最低分/最低位次：514/121057
景德镇陶瓷大学,物理类|本科批|普通类,最低分/最低位次：514/120823
内蒙古工业大学,物理类|本科批|普通类,最低分/最低位次：514/120475
盐城工学院,物理类|本科批|普通类,最低分/最低位次：514/120413
长春师范大学,物理类|本科批|普通类,最低分/最低位次：514/120712
岭南师范学院,物理类|本科批|普通类,最低分/最低位次：514/121006
西安文理学院,物理类|本科批|普通类,最低分/最低位次：514/120393
甘肃中医药大学,物理类|本科批|普通类,最低分/最低位次：514/120536
湖南文理学院,物理类|本科批|普通类,最低分/最低位次：514/121474
韶关学院,物理类|本科批|普通类,最低分/最低位次：514/120112
北部湾大学,物理类|本科批|普通类,最低分/最低位次：514/121334
湖南科技学院,物理类|本科批|普通类,最低分/最低位次：514/120982
苏州城市学院,物理类|本科批|普通类,最低分/最低位次：514/121515
兰州财经大学,物理类|本科批|普通类,最低分/最低位次：514/120988
邵阳学院,物理类|本科批|普通类,最低分/最低位次：514/121489
黑龙江中医药大学,物理类|本科批|普通类,最低分/最低位次：513/122809
合肥学院,物理类|本科批|普通类,最低分/最低位次：513/121780
长春工业大学,物理类|本科批|普通类,最低分/最低位次：513/122352
广东海洋大学,物理类|本科批|普通类,最低分/最低位次：513/121804
广东海洋大学,物理类|本科批|普通类,最低分/最低位次：513/121879
长春大学,物理类|本科批|普通类,最低分/最低位次：513/122058
西北民族大学,物理类|本科批|普通类,最低分/最低位次：513/122113
中国民用航空飞行学院,物理类|本科批|普通类,最低分/最低位次：513/122483
韶关学院,物理类|本科批|普通类,最低分/最低位次：513/123021
嘉应学院,物理类|本科批|普通类,最低分/最低位次：513/121832
嘉应学院,物理类|本科批|普通类,最低分/最低位次：513/123040
嘉应学院,物理类|本科批|普通类,最低分/最低位次：513/122127
广东第二师范学院,物理类|本科批|普通类,最低分/最低位次：513/121752
齐齐哈尔医学院,物理类|本科批|普通类,最低分/最低位次：513/122588
新疆第二医学院,物理类|本科批|普通类,最低分/最低位次：513/122884
福建江夏学院,物理类|本科批|普通类,最低分/最低位次：513/122395
贵州商学院,物理类|本科批|普通类,最低分/最低位次：513/121821
中原工学院,物理类|本科批|普通类,最低分/最低位次：512/124283
大连工业大学,物理类|本科批|普通类,最低分/最低位次：512/124336
广东海洋大学,物理类|本科批|普通类,最低分/最低位次：512/124385
吉林建筑大学,物理类|本科批|普通类,最低分/最低位次：512/124505
吉林建筑大学,物理类|本科批|普通类,最低分/最低位次：512/123879
广东医科大学,物理类|本科批|普通类,最低分/最低位次：512/123668
岭南师范学院,物理类|本科批|普通类,最低分/最低位次：512/124228
广西民族大学,物理类|本科批|普通类,最低分/最低位次：512/124152
北华航天工业学院,物理类|本科批|普通类,最低分/最低位次：512/123794
天津体育学院,物理类|本科批|普通类,最低分/最低位次：512/123429
赣南医学院,物理类|本科批|普通类,最低分/最低位次：512/123674
韩山师范学院,物理类|本科批|普通类,最低分/最低位次：512/123321
广州航海学院,物理类|本科批|普通类,最低分/最低位次：512/123465
牡丹江医学院,物理类|本科批|普通类,最低分/最低位次：512/123257
湖南工学院,物理类|本科批|普通类,最低分/最低位次：512/123328
右江民族医学院,物理类|本科批|普通类,最低分/最低位次：512/124316
新乡医学院三全学院,物理类|本科批|普通类,最低分/最低位次：512/124280
北京中医药大学东方学院,物理类|本科批|普通类,最低分/最低位次：512/123942
齐鲁工业大学,物理类|本科批|普通类,最低分/最低位次：511/124846
安徽中医药大学,物理类|本科批|普通类,最低分/最低位次：511/124794
长春工业大学,物理类|本科批|普通类,最低分/最低位次：511/125590
北华大学,物理类|本科批|普通类,最低分/最低位次：511/125335
北华大学,物理类|本科批|普通类,最低分/最低位次：511/126000
岭南师范学院,物理类|本科批|普通类,最低分/最低位次：511/125865
肇庆学院,物理类|本科批|普通类,最低分/最低位次：511/125670
郑州航空工业管理学院,物理类|本科批|普通类,最低分/最低位次：511/125394
郑州航空工业管理学院,物理类|本科批|普通类,最低分/最低位次：511/125970
韶关学院,物理类|本科批|普通类,最低分/最低位次：511/125958
湖南工学院,物理类|本科批|普通类,最低分/最低位次：511/125752
桂林航天工业学院,物理类|本科批|普通类,最低分/最低位次：511/125768
山西传媒学院,物理类|本科批|普通类,最低分/最低位次：511/124801
湖北恩施学院,物理类|本科批|普通类,最低分/最低位次：511/125880
南京医科大学康达学院,物理类|本科批|普通类,最低分/最低位次：511/125012
锦州医科大学医疗学院,物理类|本科批|普通类,最低分/最低位次：511/125580
黑龙江大学,物理类|本科批|普通类,最低分/最低位次：510/126984
山西师范大学,物理类|本科批|普通类,最低分/最低位次：510/127721
安徽工程大学,物理类|本科批|普通类,最低分/最低位次：510/127539
辽宁石油化工大学,物理类|本科批|普通类,最低分/最低位次：510/126630
大连海洋大学,物理类|本科批|普通类,最低分/最低位次：510/127037
广东海洋大学,物理类|本科批|普通类,最低分/最低位次：510/127339
盐城师范学院,物理类|本科批|普通类,最低分/最低位次：510/126793
仲恺农业工程学院,物理类|本科批|普通类,最低分/最低位次：510/127009
惠州学院,物理类|本科批|普通类,最低分/最低位次：510/126139
广西科技大学,物理类|本科批|普通类,最低分/最低位次：510/127261
肇庆学院,物理类|本科批|普通类,最低分/最低位次：510/127314
西安文理学院,物理类|本科批|普通类,最低分/最低位次：510/127680
韶关学院,物理类|本科批|普通类,最低分/最低位次：510/126997
广州体育学院,物理类|本科批|普通类,最低分/最低位次：510/126264
广州体育学院,物理类|本科批|普通类,最低分/最低位次：510/126627
山西中医药大学,物理类|本科批|普通类,最低分/最低位次：510/127721
邵阳学院,物理类|本科批|普通类,最低分/最低位次：510/126200
湖南工学院,物理类|本科批|普通类,最低分/最低位次：510/127455
右江民族医学院,物理类|本科批|普通类,最低分/最低位次：510/126904
右江民族医学院,物理类|本科批|普通类,最低分/最低位次：510/126444
桂林旅游学院,物理类|本科批|普通类,最低分/最低位次：510/127365
湖北医药学院药护学院,物理类|本科批|普通类,最低分/最低位次：510/126857
广西艺术学院,物理类|本科批|普通类,最低分/最低位次：510/127156
湖南师范大学树达学院,物理类|本科批|普通类,最低分/最低位次：510/126183
青海师范大学,物理类|本科批|普通类,最低分/最低位次：509/127952
大理大学,物理类|本科批|普通类,最低分/最低位次：509/127899
广东海洋大学,物理类|本科批|普通类,最低分/最低位次：509/128346
遵义医科大学,物理类|本科批|普通类,最低分/最低位次：509/128223
遵义医科大学,物理类|本科批|普通类,最低分/最低位次：509/128672
仲恺农业工程学院,物理类|本科批|普通类,最低分/最低位次：509/129172
黑龙江科技大学,物理类|本科批|普通类,最低分/最低位次：509/128995
惠州学院,物理类|本科批|普通类,最低分/最低位次：509/128905
西北民族大学,物理类|本科批|普通类,最低分/最低位次：509/128810
广东石油化工学院,物理类|本科批|普通类,最低分/最低位次：509/127825
韶关学院,物理类|本科批|普通类,最低分/最低位次：509/127819
三明学院,物理类|本科批|普通类,最低分/最低位次：509/129205
贵州理工学院,物理类|本科批|普通类,最低分/最低位次：509/129190
咸阳师范学院,物理类|本科批|普通类,最低分/最低位次：509/128294
新余学院,物理类|本科批|普通类,最低分/最低位次：509/129053
怀化学院,物理类|本科批|普通类,最低分/最低位次：509/129044
右江民族医学院,物理类|本科批|普通类,最低分/最低位次：509/128576
三峡大学科技学院,物理类|本科批|普通类,最低分/最低位次：509/128431
衡阳师范学院南岳学院,物理类|本科批|普通类,最低分/最低位次：509/128931
吉林农业大学,物理类|本科批|普通类,最低分/最低位次：508/130471
吉林农业大学,物理类|本科批|普通类,最低分/最低位次：508/130177
哈尔滨师范大学,物理类|本科批|普通类,最低分/最低位次：508/129630
山西农业大学,物理类|本科批|普通类,最低分/最低位次：508/129685
山西农业大学,物理类|本科批|普通类,最低分/最低位次：508/129557
山西农业大学,物理类|本科批|普通类,最低分/最低位次：508/130108
合肥学院,物理类|本科批|普通类,最低分/最低位次：508/129628
广东海洋大学,物理类|本科批|普通类,最低分/最低位次：508/130045
天津农学院,物理类|本科批|普通类,最低分/最低位次：508/129608
浙江万里学院,物理类|本科批|普通类,最低分/最低位次：508/130311
长春大学,物理类|本科批|普通类,最低分/最低位次：508/130702
黑龙江科技大学,物理类|本科批|普通类,最低分/最低位次：508/130066
广东药科大学,物理类|本科批|普通类,最低分/最低位次：508/129440
湖南城市学院,物理类|本科批|普通类,最低分/最低位次：508/129639
湖南文理学院,物理类|本科批|普通类,最低分/最低位次：508/130624
防灾科技学院,物理类|本科批|普通类,最低分/最低位次：508/130419
丽水学院,物理类|本科批|普通类,最低分/最低位次：508/130094
丽水学院,物理类|本科批|普通类,最低分/最低位次：508/129328
华北科技学院,物理类|本科批|普通类,最低分/最低位次：508/129895
北方民族大学,物理类|本科批|普通类,最低分/最低位次：508/130661
北部湾大学,物理类|本科批|普通类,最低分/最低位次：508/130160
广东金融学院,物理类|本科批|普通类,最低分/最低位次：508/129487
韩山师范学院,物理类|本科批|普通类,最低分/最低位次：508/129724
海南热带海洋学院,物理类|本科批|普通类,最低分/最低位次：508/130482
武夷学院,物理类|本科批|普通类,最低分/最低位次：508/130710
河北北方学院,物理类|本科批|普通类,最低分/最低位次：508/130391
桂林旅游学院,物理类|本科批|普通类,最低分/最低位次：508/130362
宁夏医科大学,物理类|本科批|普通类,最低分/最低位次：507/131465
潍坊医学院,物理类|本科批|普通类,最低分/最低位次：507/132283
大连海洋大学,物理类|本科批|普通类,最低分/最低位次：507/131472
广东海洋大学,物理类|本科批|普通类,最低分/最低位次：507/132226
仲恺农业工程学院,物理类|本科批|普通类,最低分/最低位次：507/130757
岭南师范学院,物理类|本科批|普通类,最低分/最低位次：507/131529
惠州学院,物理类|本科批|普通类,最低分/最低位次：507/131726
惠州学院,物理类|本科批|普通类,最低分/最低位次：507/131285
湖南文理学院,物理类|本科批|普通类,最低分/最低位次：507/131369
广东石油化工学院,物理类|本科批|普通类,最低分/最低位次：507/131023
韶关学院,物理类|本科批|普通类,最低分/最低位次：507/131098
韶关学院,物理类|本科批|普通类,最低分/最低位次：507/131376
防灾科技学院,物理类|本科批|普通类,最低分/最低位次：507/131633
北部湾大学,物理类|本科批|普通类,最低分/最低位次：507/131721
新余学院,物理类|本科批|普通类,最低分/最低位次：507/131838
武夷学院,物理类|本科批|普通类,最低分/最低位次：507/132077
怀化学院,物理类|本科批|普通类,最低分/最低位次：507/132038
琼台师范学院,物理类|本科批|普通类,最低分/最低位次：507/131026
南昌医学院,物理类|本科批|普通类,最低分/最低位次：507/131827
长沙医学院,物理类|本科批|普通类,最低分/最低位次：507/130794
内蒙古农业大学,物理类|本科批|普通类,最低分/最低位次：506/132842
大连海洋大学,物理类|本科批|普通类,最低分/最低位次：506/133139
广东海洋大学,物理类|本科批|普通类,最低分/最低位次：506/132361
吉林建筑大学,物理类|本科批|普通类,最低分/最低位次：506/133124
仲恺农业工程学院,物理类|本科批|普通类,最低分/最低位次：506/132583
泉州师范学院,物理类|本科批|普通类,最低分/最低位次：506/132417
惠州学院,物理类|本科批|普通类,最低分/最低位次：506/133477
南阳理工学院,物理类|本科批|普通类,最低分/最低位次：506/133623
肇庆学院,物理类|本科批|普通类,最低分/最低位次：506/133523
上饶师范学院,物理类|本科批|普通类,最低分/最低位次：506/132664
大连民族大学,物理类|本科批|普通类,最低分/最低位次：506/133304
嘉应学院,物理类|本科批|普通类,最低分/最低位次：506/133245
昆明学院,物理类|本科批|普通类,最低分/最低位次：506/132813
新余学院,物理类|本科批|普通类,最低分/最低位次：506/133318
厦门大学嘉庚学院,物理类|本科批|普通类,最低分/最低位次：506/133359
上海杉达学院,物理类|本科批|普通类,最低分/最低位次：506/133721
吉林农业大学,物理类|本科批|普通类,最低分/最低位次：505/135075
内蒙古农业大学,物理类|本科批|普通类,最低分/最低位次：505/134034
淮阴工学院,物理类|本科批|普通类,最低分/最低位次：505/135194
北华大学,物理类|本科批|普通类,最低分/最低位次：505/135461
内蒙古工业大学,物理类|本科批|普通类,最低分/最低位次：505/134821
山东交通学院,物理类|本科批|普通类,最低分/最低位次：505/134376
广西民族大学,物理类|本科批|普通类,最低分/最低位次：505/133963
宜春学院,物理类|本科批|普通类,最低分/最低位次：505/134616
嘉应学院,物理类|本科批|普通类,最低分/最低位次：505/134052
韩山师范学院,物理类|本科批|普通类,最低分/最低位次：505/134466
海南热带海洋学院,物理类|本科批|普通类,最低分/最低位次：505/134829
海南热带海洋学院,物理类|本科批|普通类,最低分/最低位次：505/134555
玉溪师范学院,物理类|本科批|普通类,最低分/最低位次：505/133933
广州航海学院,物理类|本科批|普通类,最低分/最低位次：505/134636
山东工商学院,物理类|本科批|普通类,最低分/最低位次：505/135059
无锡学院,物理类|本科批|普通类,最低分/最低位次：505/134697
广西科技师范学院,物理类|本科批|普通类,最低分/最低位次：505/135393
贵州商学院,物理类|本科批|普通类,最低分/最低位次：505/134964
滨州医学院,物理类|本科批|普通类,最低分/最低位次：504/135915
哈尔滨商业大学,物理类|本科批|普通类,最低分/最低位次：504/136629
惠州学院,物理类|本科批|普通类,最低分/最低位次：504/135807
宜春学院,物理类|本科批|普通类,最低分/最低位次：504/136165
肇庆学院,物理类|本科批|普通类,最低分/最低位次：504/137062
肇庆学院,物理类|本科批|普通类,最低分/最低位次：504/136129
韶关学院,物理类|本科批|普通类,最低分/最低位次：504/136986
嘉应学院,物理类|本科批|普通类,最低分/最低位次：504/136778
平顶山学院,物理类|本科批|普通类,最低分/最低位次：504/136380
洛阳理工学院,物理类|本科批|普通类,最低分/最低位次：504/135588
南京体育学院,物理类|本科批|普通类,最低分/最低位次：504/136921
海南热带海洋学院,物理类|本科批|普通类,最低分/最低位次：504/135633
安顺学院,物理类|本科批|普通类,最低分/最低位次：504/135832
商洛学院,物理类|本科批|普通类,最低分/最低位次：504/135790
湖北大学知行学院,物理类|本科批|普通类,最低分/最低位次：504/137057
山东交通学院,物理类|本科批|普通类,最低分/最低位次：503/137721
天津农学院,物理类|本科批|普通类,最低分/最低位次：503/137074
天津农学院,物理类|本科批|普通类,最低分/最低位次：503/138535
九江学院,物理类|本科批|普通类,最低分/最低位次：503/138491
徐州工程学院,物理类|本科批|普通类,最低分/最低位次：503/137484
南昌师范学院,物理类|本科批|普通类,最低分/最低位次：503/137283
洛阳理工学院,物理类|本科批|普通类,最低分/最低位次：503/137953
邵阳学院,物理类|本科批|普通类,最低分/最低位次：503/137350
邢台学院,物理类|本科批|普通类,最低分/最低位次：503/137562
湖南人文科技学院,物理类|本科批|普通类,最低分/最低位次：503/138114
河北金融学院,物理类|本科批|普通类,最低分/最低位次：503/137181
右江民族医学院,物理类|本科批|普通类,最低分/最低位次：503/138063
广西科技师范学院,物理类|本科批|普通类,最低分/最低位次：503/137162
南昌医学院,物理类|本科批|普通类,最低分/最低位次：503/137372
辽宁何氏医学院,物理类|本科批|普通类,最低分/最低位次：503/137581
内蒙古民族大学,物理类|本科批|普通类,最低分/最低位次：502/138740
常州工学院,物理类|本科批|普通类,最低分/最低位次：502/139963
广东石油化工学院,物理类|本科批|普通类,最低分/最低位次：502/139547
四川文理学院,物理类|本科批|普通类,最低分/最低位次：502/139915
贵州工程应用技术学院,物理类|本科批|普通类,最低分/最低位次：502/138758
湘潭大学兴湘学院,物理类|本科批|普通类,最低分/最低位次：502/139113
淮阴工学院,物理类|本科批|普通类,最低分/最低位次：501/141500
淮阴工学院,物理类|本科批|普通类,最低分/最低位次：501/141294
齐齐哈尔大学,物理类|本科批|普通类,最低分/最低位次：501/140473
天津农学院,物理类|本科批|普通类,最低分/最低位次：501/141196
玉林师范学院,物理类|本科批|普通类,最低分/最低位次：501/141444
河南工程学院,物理类|本科批|普通类,最低分/最低位次：501/140759
南阳理工学院,物理类|本科批|普通类,最低分/最低位次：501/140666
南阳理工学院,物理类|本科批|普通类,最低分/最低位次：501/140613
上饶师范学院,物理类|本科批|普通类,最低分/最低位次：501/140608
嘉应学院,物理类|本科批|普通类,最低分/最低位次：501/141545
嘉应学院,物理类|本科批|普通类,最低分/最低位次：501/141183
丽水学院,物理类|本科批|普通类,最低分/最低位次：501/140353
乐山师范学院,物理类|本科批|普通类,最低分/最低位次：501/141113
萍乡学院,物理类|本科批|普通类,最低分/最低位次：501/140671
广州航海学院,物理类|本科批|普通类,最低分/最低位次：501/140220
鞍山师范学院,物理类|本科批|普通类,最低分/最低位次：501/140732
河北金融学院,物理类|本科批|普通类,最低分/最低位次：501/140536
梧州学院,物理类|本科批|普通类,最低分/最低位次：501/140230
赣南科技学院,物理类|本科批|普通类,最低分/最低位次：501/140973
太原学院,物理类|本科批|普通类,最低分/最低位次：501/141524
